Workbook

Sheet MOEX
A1: Срок, лет | B1: Доходность, %
A2: 0.25 | B2: 13.59
A3: 0.5 | B3: 13.35
A4: 0.75 | B4: 13.42
A5: 1 | B5: 13.63
A6: 2 | B6: 14.58
A7: 3 | B7: 15.06
A8: 5 | B8: 15.42
A9: 7 | B9: 15.57
A10: 10 | B10: 15.69
A11: 15 | B11: 15.84
A12: 20 | B12: 15.95
A13: 30 | B13: 16.1

Sheet базовая
A1: № | B1: Т, лет | C1: Нижний срок MOEX | D1: Нижняя ставка, % | E1: Верхний срок MOEX | F1: Верхняя ставка, % | G1: БС, % | H1: Метод | I1: Сдвиг вверх, % | J1: Сдвиг вниз % | K1: Увеличение наклона, % | L1: Уменьшение наклона, % | M1: Рост коротких, % | N1: Снижение коротких, % | P1: Параметры рубля
A2: 1 | B2: 0.0028 | C2: =IF(B2<MIN(MOEX!$A$2:$A$100),MOEX!$A$2,INDEX(MOEX!$A$2:$A$100,MATCH(B2,MOEX!$A$2:$A$100,1))) -> 0.25 | D2: =INDEX(MOEX!$B$2:$B$100,MATCH(C2,MOEX!$A$2:$A$100,0)) -> 13.59 | E2: =IF(B2>=MAX(MOEX!$A$2:$A$100),MAX(MOEX!$A$2:$A$100),INDEX(MOEX!$A$2:$A$100,MATCH(B2,MOEX!$A$2:$A$100,1)+1)) -> #N/A | F2: =INDEX(MOEX!$B$2:$B$100,MATCH(E2,MOEX!$A$2:$A$100,0)) -> #N/A | G2: =IF(B2<MIN(MOEX!$A$2:$A$100),INDEX(MOEX!$B$2:$B$100,1),IF(B2>MAX(MOEX!$A$2:$A$100),INDEX(MOEX!$B$2:$B$100,COUNT(MOEX!$B$2:$B$100)),IF(COUNTIF(MOEX!$A$2:$A$100,B2)>0,INDEX(MOEX!$B$2:$B$100,MATCH(B2,MOEX!$A$2:$A$100,0)),D2+(B2-C2)*(F2-D2)/(E2-C2)))) -> 13.59 | H2: =IF(OR(B2<MIN(MOEX!$A$2:$A$100),B2>MAX(MOEX!$A$2:$A$100)),"Ближайшее значение",IF(COUNTIF(MOEX!$A$2:$A$100,B2)>0,"Точное совпадение","Интерполяция")) -> Ближайшее значение | I2: =G2+$Q$2 -> 17.59 | J2: =G2-$Q$2 -> 9.59 | K2: =G2-0.65*$Q$3*EXP(-B2/$Q$5)+0.9*$Q$4*(1-EXP(-B2/$Q$5)) -> 10.344164 | L2: =G2+0.8*$Q$3*EXP(-B2/$Q$5)-0.6*$Q$4*(1-EXP(-B2/$Q$5)) -> 17.585941 | M2: =G2+$Q$3*EXP(-B2/$Q$5) -> 18.586501 | N2: =G2-$Q$3*EXP(-B2/$Q$5) -> 8.5934988 | P2: ΔПар | Q2: 4
A3: 2 | B3: 0.0417 | C3: =IF(B3<MIN(MOEX!$A$2:$A$100),MOEX!$A$2,INDEX(MOEX!$A$2:$A$100,MATCH(B3,MOEX!$A$2:$A$100,1))) -> 0.25 | D3: =INDEX(MOEX!$B$2:$B$100,MATCH(C3,MOEX!$A$2:$A$100,0)) -> 13.59 | E3: =IF(B3>=MAX(MOEX!$A$2:$A$100),MAX(MOEX!$A$2:$A$100),INDEX(MOEX!$A$2:$A$100,MATCH(B3,MOEX!$A$2:$A$100,1)+1)) -> #N/A | F3: =INDEX(MOEX!$B$2:$B$100,MATCH(E3,MOEX!$A$2:$A$100,0)) -> #N/A | G3: =IF(B3<MIN(MOEX!$A$2:$A$100),INDEX(MOEX!$B$2:$B$100,1),IF(B3>MAX(MOEX!$A$2:$A$100),INDEX(MOEX!$B$2:$B$100,COUNT(MOEX!$B$2:$B$100)),IF(COUNTIF(MOEX!$A$2:$A$100,B3)>0,INDEX(MOEX!$B$2:$B$100,MATCH(B3,MOEX!$A$2:$A$100,0)),D3+(B3-C3)*(F3-D3)/(E3-C3)))) -> 13.59 | H3: =IF(OR(B3<MIN(MOEX!$A$2:$A$100),B3>MAX(MOEX!$A$2:$A$100)),"Ближайшее значение",IF(COUNTIF(MOEX!$A$2:$A$100,B3)>0,"Точное совпадение","Интерполяция")) -> Ближайшее значение | I3: =G3+$Q$2 -> 17.59 | J3: =G3-$Q$2 -> 9.59 | K3: =G3-0.65*$Q$3*EXP(-B3/$Q$5)+0.9*$Q$4*(1-EXP(-B3/$Q$5)) -> 10.401707 | L3: =G3+0.8*$Q$3*EXP(-B3/$Q$5)-0.6*$Q$4*(1-EXP(-B3/$Q$5)) -> 17.529849 | M3: =G3+$Q$3*EXP(-B3/$Q$5) -> 18.538146 | N3: =G3-$Q$3*EXP(-B3/$Q$5) -> 8.6418542 | P3: СКС | Q3: 5
A4: 3 | B4: 0.1667 | C4: =IF(B4<MIN(MOEX!$A$2:$A$100),MOEX!$A$2,INDEX(MOEX!$A$2:$A$100,MATCH(B4,MOEX!$A$2:$A$100,1))) -> 0.25 | D4: =INDEX(MOEX!$B$2:$B$100,MATCH(C4,MOEX!$A$2:$A$100,0)) -> 13.59 | E4: =IF(B4>=MAX(MOEX!$A$2:$A$100),MAX(MOEX!$A$2:$A$100),INDEX(MOEX!$A$2:$A$100,MATCH(B4,MOEX!$A$2:$A$100,1)+1)) -> #N/A | F4: =INDEX(MOEX!$B$2:$B$100,MATCH(E4,MOEX!$A$2:$A$100,0)) -> #N/A | G4: =IF(B4<MIN(MOEX!$A$2:$A$100),INDEX(MOEX!$B$2:$B$100,1),IF(B4>MAX(MOEX!$A$2:$A$100),INDEX(MOEX!$B$2:$B$100,COUNT(MOEX!$B$2:$B$100)),IF(COUNTIF(MOEX!$A$2:$A$100,B4)>0,INDEX(MOEX!$B$2:$B$100,MATCH(B4,MOEX!$A$2:$A$100,0)),D4+(B4-C4)*(F4-D4)/(E4-C4)))) -> 13.59 | H4: =IF(OR(B4<MIN(MOEX!$A$2:$A$100),B4>MAX(MOEX!$A$2:$A$100)),"Ближайшее значение",IF(COUNTIF(MOEX!$A$2:$A$100,B4)>0,"Точное совпадение","Интерполяция")) -> Ближайшее значение | I4: =G4+$Q$2 -> 17.59 | J4: =G4-$Q$2 -> 9.59 | K4: =G4-0.65*$Q$3*EXP(-B4/$Q$5)+0.9*$Q$4*(1-EXP(-B4/$Q$5)) -> 10.58287 | L4: =G4+0.8*$Q$3*EXP(-B4/$Q$5)-0.6*$Q$4*(1-EXP(-B4/$Q$5)) -> 17.353252 | M4: =G4+$Q$3*EXP(-B4/$Q$5) -> 18.385907 | N4: =G4-$Q$3*EXP(-B4/$Q$5) -> 8.7940927 | P4: СДС | Q4: 3
A5: 4 | B5: 0.375 | C5: =IF(B5<MIN(MOEX!$A$2:$A$100),MOEX!$A$2,INDEX(MOEX!$A$2:$A$100,MATCH(B5,MOEX!$A$2:$A$100,1))) -> 0.25 | D5: =INDEX(MOEX!$B$2:$B$100,MATCH(C5,MOEX!$A$2:$A$100,0)) -> 13.59 | E5: =IF(B5>=MAX(MOEX!$A$2:$A$100),MAX(MOEX!$A$2:$A$100),INDEX(MOEX!$A$2:$A$100,MATCH(B5,MOEX!$A$2:$A$100,1)+1)) -> 0.5 | F5: =INDEX(MOEX!$B$2:$B$100,MATCH(E5,MOEX!$A$2:$A$100,0)) -> 13.35 | G5: =IF(B5<MIN(MOEX!$A$2:$A$100),INDEX(MOEX!$B$2:$B$100,1),IF(B5>MAX(MOEX!$A$2:$A$100),INDEX(MOEX!$B$2:$B$100,COUNT(MOEX!$B$2:$B$100)),IF(COUNTIF(MOEX!$A$2:$A$100,B5)>0,INDEX(MOEX!$B$2:$B$100,MATCH(B5,MOEX!$A$2:$A$100,0)),D5+(B5-C5)*(F5-D5)/(E5-C5)))) -> 13.47 | H5: =IF(OR(B5<MIN(MOEX!$A$2:$A$100),B5>MAX(MOEX!$A$2:$A$100)),"Ближайшее значение",IF(COUNTIF(MOEX!$A$2:$A$100,B5)>0,"Точное совпадение","Интерполяция")) -> Интерполяция | I5: =G5+$Q$2 -> 17.47 | J5: =G5-$Q$2 -> 9.47 | K5: =G5-0.65*$Q$3*EXP(-B5/$Q$5)+0.9*$Q$4*(1-EXP(-B5/$Q$5)) -> 10.752463 | L5: =G5+0.8*$Q$3*EXP(-B5/$Q$5)-0.6*$Q$4*(1-EXP(-B5/$Q$5)) -> 16.95096 | M5: =G5+$Q$3*EXP(-B5/$Q$5) -> 18.022552 | N5: =G5-$Q$3*EXP(-B5/$Q$5) -> 8.9174482 | P5: t | Q5: 4
A6: 5 | B6: 0.625 | C6: =IF(B6<MIN(MOEX!$A$2:$A$100),MOEX!$A$2,INDEX(MOEX!$A$2:$A$100,MATCH(B6,MOEX!$A$2:$A$100,1))) -> 0.5 | D6: =INDEX(MOEX!$B$2:$B$100,MATCH(C6,MOEX!$A$2:$A$100,0)) -> 13.35 | E6: =IF(B6>=MAX(MOEX!$A$2:$A$100),MAX(MOEX!$A$2:$A$100),INDEX(MOEX!$A$2:$A$100,MATCH(B6,MOEX!$A$2:$A$100,1)+1)) -> 0.75 | F6: =INDEX(MOEX!$B$2:$B$100,MATCH(E6,MOEX!$A$2:$A$100,0)) -> 13.42 | G6: =IF(B6<MIN(MOEX!$A$2:$A$100),INDEX(MOEX!$B$2:$B$100,1),IF(B6>MAX(MOEX!$A$2:$A$100),INDEX(MOEX!$B$2:$B$100,COUNT(MOEX!$B$2:$B$100)),IF(COUNTIF(MOEX!$A$2:$A$100,B6)>0,INDEX(MOEX!$B$2:$B$100,MATCH(B6,MOEX!$A$2:$A$100,0)),D6+(B6-C6)*(F6-D6)/(E6-C6)))) -> 13.385 | H6: =IF(OR(B6<MIN(MOEX!$A$2:$A$100),B6>MAX(MOEX!$A$2:$A$100)),"Ближайшее значение",IF(COUNTIF(MOEX!$A$2:$A$100,B6)>0,"Точное совпадение","Интерполяция")) -> Интерполяция | I6: =G6+$Q$2 -> 17.385 | J6: =G6-$Q$2 -> 9.385 | K6: =G6-0.65*$Q$3*EXP(-B6/$Q$5)+0.9*$Q$4*(1-EXP(-B6/$Q$5)) -> 10.995695 | L6: =G6+0.8*$Q$3*EXP(-B6/$Q$5)-0.6*$Q$4*(1-EXP(-B6/$Q$5)) -> 16.546003 | M6: =G6+$Q$3*EXP(-B6/$Q$5) -> 17.661727 | N6: =G6-$Q$3*EXP(-B6/$Q$5) -> 9.1082734
A7: 6 | B7: 0.875 | C7: =IF(B7<MIN(MOEX!$A$2:$A$100),MOEX!$A$2,INDEX(MOEX!$A$2:$A$100,MATCH(B7,MOEX!$A$2:$A$100,1))) -> 0.75 | D7: =INDEX(MOEX!$B$2:$B$100,MATCH(C7,MOEX!$A$2:$A$100,0)) -> 13.42 | E7: =IF(B7>=MAX(MOEX!$A$2:$A$100),MAX(MOEX!$A$2:$A$100),INDEX(MOEX!$A$2:$A$100,MATCH(B7,MOEX!$A$2:$A$100,1)+1)) -> 1 | F7: =INDEX(MOEX!$B$2:$B$100,MATCH(E7,MOEX!$A$2:$A$100,0)) -> 13.63 | G7: =IF(B7<MIN(MOEX!$A$2:$A$100),INDEX(MOEX!$B$2:$B$100,1),IF(B7>MAX(MOEX!$A$2:$A$100),INDEX(MOEX!$B$2:$B$100,COUNT(MOEX!$B$2:$B$100)),IF(COUNTIF(MOEX!$A$2:$A$100,B7)>0,INDEX(MOEX!$B$2:$B$100,MATCH(B7,MOEX!$A$2:$A$100,0)),D7+(B7-C7)*(F7-D7)/(E7-C7)))) -> 13.525 | H7: =IF(OR(B7<MIN(MOEX!$A$2:$A$100),B7>MAX(MOEX!$A$2:$A$100)),"Ближайшее значение",IF(COUNTIF(MOEX!$A$2:$A$100,B7)>0,"Точное совпадение","Интерполяция")) -> Интерполяция | I7: =G7+$Q$2 -> 17.525 | J7: =G7-$Q$2 -> 9.525 | K7: =G7-0.65*$Q$3*EXP(-B7/$Q$5)+0.9*$Q$4*(1-EXP(-B7/$Q$5)) -> 11.444041 | L7: =G7+0.8*$Q$3*EXP(-B7/$Q$5)-0.6*$Q$4*(1-EXP(-B7/$Q$5)) -> 16.385431 | M7: =G7+$Q$3*EXP(-B7/$Q$5) -> 17.542613 | N7: =G7-$Q$3*EXP(-B7/$Q$5) -> 9.5073871
A8: 7 | B8: 1.25 | C8: =IF(B8<MIN(MOEX!$A$2:$A$100),MOEX!$A$2,INDEX(MOEX!$A$2:$A$100,MATCH(B8,MOEX!$A$2:$A$100,1))) -> 1 | D8: =INDEX(MOEX!$B$2:$B$100,MATCH(C8,MOEX!$A$2:$A$100,0)) -> 13.63 | E8: =IF(B8>=MAX(MOEX!$A$2:$A$100),MAX(MOEX!$A$2:$A$100),INDEX(MOEX!$A$2:$A$100,MATCH(B8,MOEX!$A$2:$A$100,1)+1)) -> 2 | F8: =INDEX(MOEX!$B$2:$B$100,MATCH(E8,MOEX!$A$2:$A$100,0)) -> 14.58 | G8: =IF(B8<MIN(MOEX!$A$2:$A$100),INDEX(MOEX!$B$2:$B$100,1),IF(B8>MAX(MOEX!$A$2:$A$100),INDEX(MOEX!$B$2:$B$100,COUNT(MOEX!$B$2:$B$100)),IF(COUNTIF(MOEX!$A$2:$A$100,B8)>0,INDEX(MOEX!$B$2:$B$100,MATCH(B8,MOEX!$A$2:$A$100,0)),D8+(B8-C8)*(F8-D8)/(E8-C8)))) -> 13.8675 | H8: =IF(OR(B8<MIN(MOEX!$A$2:$A$100),B8>MAX(MOEX!$A$2:$A$100)),"Ближайшее значение",IF(COUNTIF(MOEX!$A$2:$A$100,B8)>0,"Точное совпадение","Интерполяция")) -> Интерполяция | I8: =G8+$Q$2 -> 17.8675 | J8: =G8-$Q$2 -> 9.8675 | K8: =G8-0.65*$Q$3*EXP(-B8/$Q$5)+0.9*$Q$4*(1-EXP(-B8/$Q$5)) -> 12.214387 | L8: =G8+0.8*$Q$3*EXP(-B8/$Q$5)-0.6*$Q$4*(1-EXP(-B8/$Q$5)) -> 16.310871 | M8: =G8+$Q$3*EXP(-B8/$Q$5) -> 17.525578 | N8: =G8-$Q$3*EXP(-B8/$Q$5) -> 10.209422
A9: 8 | B9: 1.75 | C9: =IF(B9<MIN(MOEX!$A$2:$A$100),MOEX!$A$2,INDEX(MOEX!$A$2:$A$100,MATCH(B9,MOEX!$A$2:$A$100,1))) -> 1 | D9: =INDEX(MOEX!$B$2:$B$100,MATCH(C9,MOEX!$A$2:$A$100,0)) -> 13.63 | E9: =IF(B9>=MAX(MOEX!$A$2:$A$100),MAX(MOEX!$A$2:$A$100),INDEX(MOEX!$A$2:$A$100,MATCH(B9,MOEX!$A$2:$A$100,1)+1)) -> 2 | F9: =INDEX(MOEX!$B$2:$B$100,MATCH(E9,MOEX!$A$2:$A$100,0)) -> 14.58 | G9: =IF(B9<MIN(MOEX!$A$2:$A$100),INDEX(MOEX!$B$2:$B$100,1),IF(B9>MAX(MOEX!$A$2:$A$100),INDEX(MOEX!$B$2:$B$100,COUNT(MOEX!$B$2:$B$100)),IF(COUNTIF(MOEX!$A$2:$A$100,B9)>0,INDEX(MOEX!$B$2:$B$100,MATCH(B9,MOEX!$A$2:$A$100,0)),D9+(B9-C9)*(F9-D9)/(E9-C9)))) -> 14.3425 | H9: =IF(OR(B9<MIN(MOEX!$A$2:$A$100),B9>MAX(MOEX!$A$2:$A$100)),"Ближайшее значение",IF(COUNTIF(MOEX!$A$2:$A$100,B9)>0,"Точное совпадение","Интерполяция")) -> Интерполяция | I9: =G9+$Q$2 -> 18.3425 | J9: =G9-$Q$2 -> 10.3425 | K9: =G9-0.65*$Q$3*EXP(-B9/$Q$5)+0.9*$Q$4*(1-EXP(-B9/$Q$5)) -> 13.200891 | L9: =G9+0.8*$Q$3*EXP(-B9/$Q$5)-0.6*$Q$4*(1-EXP(-B9/$Q$5)) -> 16.287261 | M9: =G9+$Q$3*EXP(-B9/$Q$5) -> 17.570743 | N9: =G9-$Q$3*EXP(-B9/$Q$5) -> 11.114257
A10: 9 | B10: 2.5 | C10: =IF(B10<MIN(MOEX!$A$2:$A$100),MOEX!$A$2,INDEX(MOEX!$A$2:$A$100,MATCH(B10,MOEX!$A$2:$A$100,1))) -> 2 | D10: =INDEX(MOEX!$B$2:$B$100,MATCH(C10,MOEX!$A$2:$A$100,0)) -> 14.58 | E10: =IF(B10>=MAX(MOEX!$A$2:$A$100),MAX(MOEX!$A$2:$A$100),INDEX(MOEX!$A$2:$A$100,MATCH(B10,MOEX!$A$2:$A$100,1)+1)) -> 3 | F10: =INDEX(MOEX!$B$2:$B$100,MATCH(E10,MOEX!$A$2:$A$100,0)) -> 15.06 | G10: =IF(B10<MIN(MOEX!$A$2:$A$100),INDEX(MOEX!$B$2:$B$100,1),IF(B10>MAX(MOEX!$A$2:$A$100),INDEX(MOEX!$B$2:$B$100,COUNT(MOEX!$B$2:$B$100)),IF(COUNTIF(MOEX!$A$2:$A$100,B10)>0,INDEX(MOEX!$B$2:$B$100,MATCH(B10,MOEX!$A$2:$A$100,0)),D10+(B10-C10)*(F10-D10)/(E10-C10)))) -> 14.82 | H10: =IF(OR(B10<MIN(MOEX!$A$2:$A$100),B10>MAX(MOEX!$A$2:$A$100)),"Ближайшее значение",IF(COUNTIF(MOEX!$A$2:$A$100,B10)>0,"Точное совпадение","Интерполяция")) -> Интерполяция | I10: =G10+$Q$2 -> 18.82 | J10: =G10-$Q$2 -> 10.82 | K10: =G10-0.65*$Q$3*EXP(-B10/$Q$5)+0.9*$Q$4*(1-EXP(-B10/$Q$5)) -> 14.335195 | L10: =G10+0.8*$Q$3*EXP(-B10/$Q$5)-0.6*$Q$4*(1-EXP(-B10/$Q$5)) -> 16.124516 | M10: =G10+$Q$3*EXP(-B10/$Q$5) -> 17.496307 | N10: =G10-$Q$3*EXP(-B10/$Q$5) -> 12.143693
A11: 10 | B11: 3.5 | C11: =IF(B11<MIN(MOEX!$A$2:$A$100),MOEX!$A$2,INDEX(MOEX!$A$2:$A$100,MATCH(B11,MOEX!$A$2:$A$100,1))) -> 3 | D11: =INDEX(MOEX!$B$2:$B$100,MATCH(C11,MOEX!$A$2:$A$100,0)) -> 15.06 | E11: =IF(B11>=MAX(MOEX!$A$2:$A$100),MAX(MOEX!$A$2:$A$100),INDEX(MOEX!$A$2:$A$100,MATCH(B11,MOEX!$A$2:$A$100,1)+1)) -> 5 | F11: =INDEX(MOEX!$B$2:$B$100,MATCH(E11,MOEX!$A$2:$A$100,0)) -> 15.42 | G11: =IF(B11<MIN(MOEX!$A$2:$A$100),INDEX(MOEX!$B$2:$B$100,1),IF(B11>MAX(MOEX!$A$2:$A$100),INDEX(MOEX!$B$2:$B$100,COUNT(MOEX!$B$2:$B$100)),IF(COUNTIF(MOEX!$A$2:$A$100,B11)>0,INDEX(MOEX!$B$2:$B$100,MATCH(B11,MOEX!$A$2:$A$100,0)),D11+(B11-C11)*(F11-D11)/(E11-C11)))) -> 15.15 | H11: =IF(OR(B11<MIN(MOEX!$A$2:$A$100),B11>MAX(MOEX!$A$2:$A$100)),"Ближайшее значение",IF(COUNTIF(MOEX!$A$2:$A$100,B11)>0,"Точное совпадение","Интерполяция")) -> Интерполяция | I11: =G11+$Q$2 -> 19.15 | J11: =G11-$Q$2 -> 11.15 | K11: =G11-0.65*$Q$3*EXP(-B11/$Q$5)+0.9*$Q$4*(1-EXP(-B11/$Q$5)) -> 15.369671 | L11: =G11+0.8*$Q$3*EXP(-B11/$Q$5)-0.6*$Q$4*(1-EXP(-B11/$Q$5)) -> 15.7678 | M11: =G11+$Q$3*EXP(-B11/$Q$5) -> 17.23431 | N11: =G11-$Q$3*EXP(-B11/$Q$5) -> 13.06569
A12: 11 | B12: 4.5 | C12: =IF(B12<MIN(MOEX!$A$2:$A$100),MOEX!$A$2,INDEX(MOEX!$A$2:$A$100,MATCH(B12,MOEX!$A$2:$A$100,1))) -> 3 | D12: =INDEX(MOEX!$B$2:$B$100,MATCH(C12,MOEX!$A$2:$A$100,0)) -> 15.06 | E12: =IF(B12>=MAX(MOEX!$A$2:$A$100),MAX(MOEX!$A$2:$A$100),INDEX(MOEX!$A$2:$A$100,MATCH(B12,MOEX!$A$2:$A$100,1)+1)) -> 5 | F12: =INDEX(MOEX!$B$2:$B$100,MATCH(E12,MOEX!$A$2:$A$100,0)) -> 15.42 | G12: =IF(B12<MIN(MOEX!$A$2:$A$100),INDEX(MOEX!$B$2:$B$100,1),IF(B12>MAX(MOEX!$A$2:$A$100),INDEX(MOEX!$B$2:$B$100,COUNT(MOEX!$B$2:$B$100)),IF(COUNTIF(MOEX!$A$2:$A$100,B12)>0,INDEX(MOEX!$B$2:$B$100,MATCH(B12,MOEX!$A$2:$A$100,0)),D12+(B12-C12)*(F12-D12)/(E12-C12)))) -> 15.33 | H12: =IF(OR(B12<MIN(MOEX!$A$2:$A$100),B12>MAX(MOEX!$A$2:$A$100)),"Ближайшее значение",IF(COUNTIF(MOEX!$A$2:$A$100,B12)>0,"Точное совпадение","Интерполяция")) -> Интерполяция | I12: =G12+$Q$2 -> 19.33 | J12: =G12-$Q$2 -> 11.33 | K12: =G12-0.65*$Q$3*EXP(-B12/$Q$5)+0.9*$Q$4*(1-EXP(-B12/$Q$5)) -> 16.098318 | L12: =G12+0.8*$Q$3*EXP(-B12/$Q$5)-0.6*$Q$4*(1-EXP(-B12/$Q$5)) -> 15.412984 | M12: =G12+$Q$3*EXP(-B12/$Q$5) -> 16.953262 | N12: =G12-$Q$3*EXP(-B12/$Q$5) -> 13.706738
A13: 12 | B13: 5.5 | C13: =IF(B13<MIN(MOEX!$A$2:$A$100),MOEX!$A$2,INDEX(MOEX!$A$2:$A$100,MATCH(B13,MOEX!$A$2:$A$100,1))) -> 5 | D13: =INDEX(MOEX!$B$2:$B$100,MATCH(C13,MOEX!$A$2:$A$100,0)) -> 15.42 | E13: =IF(B13>=MAX(MOEX!$A$2:$A$100),MAX(MOEX!$A$2:$A$100),INDEX(MOEX!$A$2:$A$100,MATCH(B13,MOEX!$A$2:$A$100,1)+1)) -> 7 | F13: =INDEX(MOEX!$B$2:$B$100,MATCH(E13,MOEX!$A$2:$A$100,0)) -> 15.57 | G13: =IF(B13<MIN(MOEX!$A$2:$A$100),INDEX(MOEX!$B$2:$B$100,1),IF(B13>MAX(MOEX!$A$2:$A$100),INDEX(MOEX!$B$2:$B$100,COUNT(MOEX!$B$2:$B$100)),IF(COUNTIF(MOEX!$A$2:$A$100,B13)>0,INDEX(MOEX!$B$2:$B$100,MATCH(B13,MOEX!$A$2:$A$100,0)),D13+(B13-C13)*(F13-D13)/(E13-C13)))) -> 15.4575 | H13: =IF(OR(B13<MIN(MOEX!$A$2:$A$100),B13>MAX(MOEX!$A$2:$A$100)),"Ближайшее значение",IF(COUNTIF(MOEX!$A$2:$A$100,B13)>0,"Точное совпадение","Интерполяция")) -> Интерполяция | I13: =G13+$Q$2 -> 19.4575 | J13: =G13-$Q$2 -> 11.4575 | K13: =G13-0.65*$Q$3*EXP(-B13/$Q$5)+0.9*$Q$4*(1-EXP(-B13/$Q$5)) -> 16.653104 | L13: =G13+0.8*$Q$3*EXP(-B13/$Q$5)-0.6*$Q$4*(1-EXP(-B13/$Q$5)) -> 15.12397 | M13: =G13+$Q$3*EXP(-B13/$Q$5) -> 16.721698 | N13: =G13-$Q$3*EXP(-B13/$Q$5) -> 14.193302
A14: 13 | B14: 6.5 | C14: =IF(B14<MIN(MOEX!$A$2:$A$100),MOEX!$A$2,INDEX(MOEX!$A$2:$A$100,MATCH(B14,MOEX!$A$2:$A$100,1))) -> 5 | D14: =INDEX(MOEX!$B$2:$B$100,MATCH(C14,MOEX!$A$2:$A$100,0)) -> 15.42 | E14: =IF(B14>=MAX(MOEX!$A$2:$A$100),MAX(MOEX!$A$2:$A$100),INDEX(MOEX!$A$2:$A$100,MATCH(B14,MOEX!$A$2:$A$100,1)+1)) -> 7 | F14: =INDEX(MOEX!$B$2:$B$100,MATCH(E14,MOEX!$A$2:$A$100,0)) -> 15.57 | G14: =IF(B14<MIN(MOEX!$A$2:$A$100),INDEX(MOEX!$B$2:$B$100,1),IF(B14>MAX(MOEX!$A$2:$A$100),INDEX(MOEX!$B$2:$B$100,COUNT(MOEX!$B$2:$B$100)),IF(COUNTIF(MOEX!$A$2:$A$100,B14)>0,INDEX(MOEX!$B$2:$B$100,MATCH(B14,MOEX!$A$2:$A$100,0)),D14+(B14-C14)*(F14-D14)/(E14-C14)))) -> 15.5325 | H14: =IF(OR(B14<MIN(MOEX!$A$2:$A$100),B14>MAX(MOEX!$A$2:$A$100)),"Ближайшее значение",IF(COUNTIF(MOEX!$A$2:$A$100,B14)>0,"Точное совпадение","Интерполяция")) -> Интерполяция | I14: =G14+$Q$2 -> 19.5325 | J14: =G14-$Q$2 -> 11.5325 | K14: =G14-0.65*$Q$3*EXP(-B14/$Q$5)+0.9*$Q$4*(1-EXP(-B14/$Q$5)) -> 17.060876 | L14: =G14+0.8*$Q$3*EXP(-B14/$Q$5)-0.6*$Q$4*(1-EXP(-B14/$Q$5)) -> 14.874588 | M14: =G14+$Q$3*EXP(-B14/$Q$5) -> 16.517058 | N14: =G14-$Q$3*EXP(-B14/$Q$5) -> 14.547942
A15: 14 | B15: 7.5 | C15: =IF(B15<MIN(MOEX!$A$2:$A$100),MOEX!$A$2,INDEX(MOEX!$A$2:$A$100,MATCH(B15,MOEX!$A$2:$A$100,1))) -> 7 | D15: =INDEX(MOEX!$B$2:$B$100,MATCH(C15,MOEX!$A$2:$A$100,0)) -> 15.57 | E15: =IF(B15>=MAX(MOEX!$A$2:$A$100),MAX(MOEX!$A$2:$A$100),INDEX(MOEX!$A$2:$A$100,MATCH(B15,MOEX!$A$2:$A$100,1)+1)) -> 10 | F15: =INDEX(MOEX!$B$2:$B$100,MATCH(E15,MOEX!$A$2:$A$100,0)) -> 15.69 | G15: =IF(B15<MIN(MOEX!$A$2:$A$100),INDEX(MOEX!$B$2:$B$100,1),IF(B15>MAX(MOEX!$A$2:$A$100),INDEX(MOEX!$B$2:$B$100,COUNT(MOEX!$B$2:$B$100)),IF(COUNTIF(MOEX!$A$2:$A$100,B15)>0,INDEX(MOEX!$B$2:$B$100,MATCH(B15,MOEX!$A$2:$A$100,0)),D15+(B15-C15)*(F15-D15)/(E15-C15)))) -> 15.59 | H15: =IF(OR(B15<MIN(MOEX!$A$2:$A$100),B15>MAX(MOEX!$A$2:$A$100)),"Ближайшее значение",IF(COUNTIF(MOEX!$A$2:$A$100,B15)>0,"Точное совпадение","Интерполяция")) -> Интерполяция | I15: =G15+$Q$2 -> 19.59 | J15: =G15-$Q$2 -> 11.59 | K15: =G15-0.65*$Q$3*EXP(-B15/$Q$5)+0.9*$Q$4*(1-EXP(-B15/$Q$5)) -> 17.377538 | L15: =G15+0.8*$Q$3*EXP(-B15/$Q$5)-0.6*$Q$4*(1-EXP(-B15/$Q$5)) -> 14.679459 | M15: =G15+$Q$3*EXP(-B15/$Q$5) -> 16.356775 | N15: =G15-$Q$3*EXP(-B15/$Q$5) -> 14.823225
A16: 15 | B16: 8.5 | C16: =IF(B16<MIN(MOEX!$A$2:$A$100),MOEX!$A$2,INDEX(MOEX!$A$2:$A$100,MATCH(B16,MOEX!$A$2:$A$100,1))) -> 7 | D16: =INDEX(MOEX!$B$2:$B$100,MATCH(C16,MOEX!$A$2:$A$100,0)) -> 15.57 | E16: =IF(B16>=MAX(MOEX!$A$2:$A$100),MAX(MOEX!$A$2:$A$100),INDEX(MOEX!$A$2:$A$100,MATCH(B16,MOEX!$A$2:$A$100,1)+1)) -> 10 | F16: =INDEX(MOEX!$B$2:$B$100,MATCH(E16,MOEX!$A$2:$A$100,0)) -> 15.69 | G16: =IF(B16<MIN(MOEX!$A$2:$A$100),INDEX(MOEX!$B$2:$B$100,1),IF(B16>MAX(MOEX!$A$2:$A$100),INDEX(MOEX!$B$2:$B$100,COUNT(MOEX!$B$2:$B$100)),IF(COUNTIF(MOEX!$A$2:$A$100,B16)>0,INDEX(MOEX!$B$2:$B$100,MATCH(B16,MOEX!$A$2:$A$100,0)),D16+(B16-C16)*(F16-D16)/(E16-C16)))) -> 15.63 | H16: =IF(OR(B16<MIN(MOEX!$A$2:$A$100),B16>MAX(MOEX!$A$2:$A$100)),"Ближайшее значение",IF(COUNTIF(MOEX!$A$2:$A$100,B16)>0,"Точное совпадение","Интерполяция")) -> Интерполяция | I16: =G16+$Q$2 -> 19.63 | J16: =G16-$Q$2 -> 11.63 | K16: =G16-0.65*$Q$3*EXP(-B16/$Q$5)+0.9*$Q$4*(1-EXP(-B16/$Q$5)) -> 17.619374 | L16: =G16+0.8*$Q$3*EXP(-B16/$Q$5)-0.6*$Q$4*(1-EXP(-B16/$Q$5)) -> 14.522711 | M16: =G16+$Q$3*EXP(-B16/$Q$5) -> 16.227165 | N16: =G16-$Q$3*EXP(-B16/$Q$5) -> 15.032835
A17: 16 | B17: 9.5 | C17: =IF(B17<MIN(MOEX!$A$2:$A$100),MOEX!$A$2,INDEX(MOEX!$A$2:$A$100,MATCH(B17,MOEX!$A$2:$A$100,1))) -> 7 | D17: =INDEX(MOEX!$B$2:$B$100,MATCH(C17,MOEX!$A$2:$A$100,0)) -> 15.57 | E17: =IF(B17>=MAX(MOEX!$A$2:$A$100),MAX(MOEX!$A$2:$A$100),INDEX(MOEX!$A$2:$A$100,MATCH(B17,MOEX!$A$2:$A$100,1)+1)) -> 10 | F17: =INDEX(MOEX!$B$2:$B$100,MATCH(E17,MOEX!$A$2:$A$100,0)) -> 15.69 | G17: =IF(B17<MIN(MOEX!$A$2:$A$100),INDEX(MOEX!$B$2:$B$100,1),IF(B17>MAX(MOEX!$A$2:$A$100),INDEX(MOEX!$B$2:$B$100,COUNT(MOEX!$B$2:$B$100)),IF(COUNTIF(MOEX!$A$2:$A$100,B17)>0,INDEX(MOEX!$B$2:$B$100,MATCH(B17,MOEX!$A$2:$A$100,0)),D17+(B17-C17)*(F17-D17)/(E17-C17)))) -> 15.67 | H17: =IF(OR(B17<MIN(MOEX!$A$2:$A$100),B17>MAX(MOEX!$A$2:$A$100)),"Ближайшее значение",IF(COUNTIF(MOEX!$A$2:$A$100,B17)>0,"Точное совпадение","Интерполяция")) -> Интерполяция | I17: =G17+$Q$2 -> 19.67 | J17: =G17-$Q$2 -> 11.67 | K17: =G17-0.65*$Q$3*EXP(-B17/$Q$5)+0.9*$Q$4*(1-EXP(-B17/$Q$5)) -> 17.816564 | L17: =G17+0.8*$Q$3*EXP(-B17/$Q$5)-0.6*$Q$4*(1-EXP(-B17/$Q$5)) -> 14.409484 | M17: =G17+$Q$3*EXP(-B17/$Q$5) -> 16.135072 | N17: =G17-$Q$3*EXP(-B17/$Q$5) -> 15.204928
... A20: 19 | B20: 25 | C20: =IF(B20<MIN(MOEX!$A$2:$A$100),MOEX!$A$2,INDEX(MOEX!$A$2:$A$100,MATCH(B20,MOEX!$A$2:$A$100,1))) -> 20 | D20: =INDEX(MOEX!$B$2:$B$100,MATCH(C20,MOEX!$A$2:$A$100,0)) -> 15.95 | E20: =IF(B20>=MAX(MOEX!$A$2:$A$100),MAX(MOEX!$A$2:$A$100),INDEX(MOEX!$A$2:$A$100,MATCH(B20,MOEX!$A$2:$A$100,1)+1)) -> 30 | F20: =INDEX(MOEX!$B$2:$B$100,MATCH(E20,MOEX!$A$2:$A$100,0)) -> 16.1 | G20: =IF(B20<MIN(MOEX!$A$2:$A$100),INDEX(MOEX!$B$2:$B$100,1),IF(B20>MAX(MOEX!$A$2:$A$100),INDEX(MOEX!$B$2:$B$100,COUNT(MOEX!$B$2:$B$100)),IF(COUNTIF(MOEX!$A$2:$A$100,B20)>0,INDEX(MOEX!$B$2:$B$100,MATCH(B20,MOEX!$A$2:$A$100,0)),D20+(B20-C20)*(F20-D20)/(E20-C20)))) -> 16.025 | H20: =IF(OR(B20<MIN(MOEX!$A$2:$A$100),B20>MAX(MOEX!$A$2:$A$100)),"Ближайшее значение",IF(COUNTIF(MOEX!$A$2:$A$100,B20)>0,"Точное совпадение","Интерполяция")) -> Интерполяция | I20: =G20+$Q$2 -> 20.025 | J20: =G20-$Q$2 -> 12.025 | K20: =G20-0.65*$Q$3*EXP(-B20/$Q$5)+0.9*$Q$4*(1-EXP(-B20/$Q$5)) -> 18.713514 | L20: =G20+0.8*$Q$3*EXP(-B20/$Q$5)-0.6*$Q$4*(1-EXP(-B20/$Q$5)) -> 14.236197 | M20: =G20+$Q$3*EXP(-B20/$Q$5) -> 16.034652 | N20: =G20-$Q$3*EXP(-B20/$Q$5) -> 16.015348
