Workbook

Sheet MOEX
A1: Срок, лет | B1: Доходность, %
A2: 0.25 | B2: 13.59
A3: 0.5 | B3: 13.35
A4: 0.75 | B4: 13.42
A5: 1 | B5: 13.63
A6: 2 | B6: 14.58
A7: 3 | B7: 15.06
A8: 5 | B8: 15.42
A9: 7 | B9: 15.57
A10: 10 | B10: 15.69
A11: 15 | B11: 15.84
A12: 20 | B12: 15.95

Sheet базовая
A1: № | B1: Интервал ЦБ | C1: Тенор | D1: Тенор, лет | E1: T (середина интервала), лет | F1: Нижний срок MOEX | G1: Нижняя ставка, % | H1: Верхний срок MOEX | I1: Верхняя ставка, % | J1: БС, % | K1: Метод | L1: Сдвиг вверх, % | M1: Сдвиг вниз, % | N1: Увеличение наклона, % | O1: Уменьшение наклона, % | P1: Рост коротких, % | Q1: Снижение коротких, % | S1: Параметры рубля
A2: 1 | B2: до востребования | C2: 1d | D2: 0.0027 | E2: 0.0028 | F2: =IF(D2<MIN(MOEX!$A$2:$A$100),"—",IF(D2>MAX(MOEX!$A$2:$A$100),INDEX(MOEX!$A$2:$A$100,COUNT(MOEX!$A$2:$A$100)-1),INDEX(MOEX!$A$2:$A$100,MATCH(D2,MOEX!$A$2:$A$100,1)))) -> — | G2: =IF(F2="—","—",INDEX(MOEX!$B$2:$B$100,MATCH(F2,MOEX!$A$2:$A$100,0))) -> — | H2: =IF(D2<MIN(MOEX!$A$2:$A$100),"—",IF(D2>MAX(MOEX!$A$2:$A$100),MAX(MOEX!$A$2:$A$100),IF(COUNTIF(MOEX!$A$2:$A$100,D2)>0,D2,INDEX(MOEX!$A$2:$A$100,MATCH(D2,MOEX!$A$2:$A$100,1)+1)))) -> — | I2: =IF(H2="—","—",INDEX(MOEX!$B$2:$B$100,MATCH(H2,MOEX!$A$2:$A$100,0))) -> — | J2: =IF(K2="Ближайшее значение",INDEX(MOEX!$B$2:$B$100,1),IF(K2="Экстраполяция",I2+(I2-G2)/(H2-F2)*(D2-H2),IF(K2="Значение MOEX",INDEX(MOEX!$B$2:$B$100,MATCH(D2,MOEX!$A$2:$A$100,0)),G2+(D2-F2)*(I2-G2)/(H2-F2)))) -> 13.59 | K2: =IF(D2<MIN(MOEX!$A$2:$A$100),"Ближайшее значение",IF(D2>MAX(MOEX!$A$2:$A$100),"Экстраполяция",IF(COUNTIF(MOEX!$A$2:$A$100,D2)>0,"Значение MOEX","Интерполяция"))) -> Ближайшее значение | L2: =J2+$T$2 -> 17.59 | M2: =J2-$T$2 -> 9.59 | N2: =J2-0.65*$T$3*EXP(-E2/$T$5)+0.9*$T$4*(1-EXP(-E2/$T$5)) -> 10.344164 | O2: =J2+0.8*$T$3*EXP(-E2/$T$5)-0.6*$T$4*(1-EXP(-E2/$T$5)) -> 17.585941 | P2: =J2+$T$3*EXP(-E2/$T$5) -> 18.586501 | Q2: =J2-$T$3*EXP(-E2/$T$5) -> 8.5934988 | S2: ΔПар | T2: 4
A3: 2 | B3: не более 1 месяца | C3: 1m | D3: 0.0833 | E3: 0.0417 | F3: =IF(D3<MIN(MOEX!$A$2:$A$100),"—",IF(D3>MAX(MOEX!$A$2:$A$100),INDEX(MOEX!$A$2:$A$100,COUNT(MOEX!$A$2:$A$100)-1),INDEX(MOEX!$A$2:$A$100,MATCH(D3,MOEX!$A$2:$A$100,1)))) -> — | G3: =IF(F3="—","—",INDEX(MOEX!$B$2:$B$100,MATCH(F3,MOEX!$A$2:$A$100,0))) -> — | H3: =IF(D3<MIN(MOEX!$A$2:$A$100),"—",IF(D3>MAX(MOEX!$A$2:$A$100),MAX(MOEX!$A$2:$A$100),IF(COUNTIF(MOEX!$A$2:$A$100,D3)>0,D3,INDEX(MOEX!$A$2:$A$100,MATCH(D3,MOEX!$A$2:$A$100,1)+1)))) -> — | I3: =IF(H3="—","—",INDEX(MOEX!$B$2:$B$100,MATCH(H3,MOEX!$A$2:$A$100,0))) -> — | J3: =IF(K3="Ближайшее значение",INDEX(MOEX!$B$2:$B$100,1),IF(K3="Экстраполяция",I3+(I3-G3)/(H3-F3)*(D3-H3),IF(K3="Значение MOEX",INDEX(MOEX!$B$2:$B$100,MATCH(D3,MOEX!$A$2:$A$100,0)),G3+(D3-F3)*(I3-G3)/(H3-F3)))) -> 13.59 | K3: =IF(D3<MIN(MOEX!$A$2:$A$100),"Ближайшее значение",IF(D3>MAX(MOEX!$A$2:$A$100),"Экстраполяция",IF(COUNTIF(MOEX!$A$2:$A$100,D3)>0,"Значение MOEX","Интерполяция"))) -> Ближайшее значение | L3: =J3+$T$2 -> 17.59 | M3: =J3-$T$2 -> 9.59 | N3: =J3-0.65*$T$3*EXP(-E3/$T$5)+0.9*$T$4*(1-EXP(-E3/$T$5)) -> 10.401707 | O3: =J3+0.8*$T$3*EXP(-E3/$T$5)-0.6*$T$4*(1-EXP(-E3/$T$5)) -> 17.529849 | P3: =J3+$T$3*EXP(-E3/$T$5) -> 18.538146 | Q3: =J3-$T$3*EXP(-E3/$T$5) -> 8.6418542 | S3: СКС | T3: 5
A4: 3 | B4: от 1 до 3 месяцев | C4: 3m | D4: 0.25 | E4: 0.1667 | F4: =IF(D4<MIN(MOEX!$A$2:$A$100),"—",IF(D4>MAX(MOEX!$A$2:$A$100),INDEX(MOEX!$A$2:$A$100,COUNT(MOEX!$A$2:$A$100)-1),INDEX(MOEX!$A$2:$A$100,MATCH(D4,MOEX!$A$2:$A$100,1)))) -> 0.25 | G4: =IF(F4="—","—",INDEX(MOEX!$B$2:$B$100,MATCH(F4,MOEX!$A$2:$A$100,0))) -> 13.59 | H4: =IF(D4<MIN(MOEX!$A$2:$A$100),"—",IF(D4>MAX(MOEX!$A$2:$A$100),MAX(MOEX!$A$2:$A$100),IF(COUNTIF(MOEX!$A$2:$A$100,D4)>0,D4,INDEX(MOEX!$A$2:$A$100,MATCH(D4,MOEX!$A$2:$A$100,1)+1)))) -> 0.25 | I4: =IF(H4="—","—",INDEX(MOEX!$B$2:$B$100,MATCH(H4,MOEX!$A$2:$A$100,0))) -> 13.59 | J4: =IF(K4="Ближайшее значение",INDEX(MOEX!$B$2:$B$100,1),IF(K4="Экстраполяция",I4+(I4-G4)/(H4-F4)*(D4-H4),IF(K4="Значение MOEX",INDEX(MOEX!$B$2:$B$100,MATCH(D4,MOEX!$A$2:$A$100,0)),G4+(D4-F4)*(I4-G4)/(H4-F4)))) -> 13.59 | K4: =IF(D4<MIN(MOEX!$A$2:$A$100),"Ближайшее значение",IF(D4>MAX(MOEX!$A$2:$A$100),"Экстраполяция",IF(COUNTIF(MOEX!$A$2:$A$100,D4)>0,"Значение MOEX","Интерполяция"))) -> Значение MOEX | L4: =J4+$T$2 -> 17.59 | M4: =J4-$T$2 -> 9.59 | N4: =J4-0.65*$T$3*EXP(-E4/$T$5)+0.9*$T$4*(1-EXP(-E4/$T$5)) -> 10.58287 | O4: =J4+0.8*$T$3*EXP(-E4/$T$5)-0.6*$T$4*(1-EXP(-E4/$T$5)) -> 17.353252 | P4: =J4+$T$3*EXP(-E4/$T$5) -> 18.385907 | Q4: =J4-$T$3*EXP(-E4/$T$5) -> 8.7940927 | S4: СДС | T4: 3
A5: 4 | B5: от 3 до 6 месяцев | C5: 6m | D5: 0.5 | E5: 0.375 | F5: =IF(D5<MIN(MOEX!$A$2:$A$100),"—",IF(D5>MAX(MOEX!$A$2:$A$100),INDEX(MOEX!$A$2:$A$100,COUNT(MOEX!$A$2:$A$100)-1),INDEX(MOEX!$A$2:$A$100,MATCH(D5,MOEX!$A$2:$A$100,1)))) -> 0.5 | G5: =IF(F5="—","—",INDEX(MOEX!$B$2:$B$100,MATCH(F5,MOEX!$A$2:$A$100,0))) -> 13.35 | H5: =IF(D5<MIN(MOEX!$A$2:$A$100),"—",IF(D5>MAX(MOEX!$A$2:$A$100),MAX(MOEX!$A$2:$A$100),IF(COUNTIF(MOEX!$A$2:$A$100,D5)>0,D5,INDEX(MOEX!$A$2:$A$100,MATCH(D5,MOEX!$A$2:$A$100,1)+1)))) -> 0.5 | I5: =IF(H5="—","—",INDEX(MOEX!$B$2:$B$100,MATCH(H5,MOEX!$A$2:$A$100,0))) -> 13.35 | J5: =IF(K5="Ближайшее значение",INDEX(MOEX!$B$2:$B$100,1),IF(K5="Экстраполяция",I5+(I5-G5)/(H5-F5)*(D5-H5),IF(K5="Значение MOEX",INDEX(MOEX!$B$2:$B$100,MATCH(D5,MOEX!$A$2:$A$100,0)),G5+(D5-F5)*(I5-G5)/(H5-F5)))) -> 13.35 | K5: =IF(D5<MIN(MOEX!$A$2:$A$100),"Ближайшее значение",IF(D5>MAX(MOEX!$A$2:$A$100),"Экстраполяция",IF(COUNTIF(MOEX!$A$2:$A$100,D5)>0,"Значение MOEX","Интерполяция"))) -> Значение MOEX | L5: =J5+$T$2 -> 17.35 | M5: =J5-$T$2 -> 9.35 | N5: =J5-0.65*$T$3*EXP(-E5/$T$5)+0.9*$T$4*(1-EXP(-E5/$T$5)) -> 10.632463 | O5: =J5+0.8*$T$3*EXP(-E5/$T$5)-0.6*$T$4*(1-EXP(-E5/$T$5)) -> 16.83096 | P5: =J5+$T$3*EXP(-E5/$T$5) -> 17.902552 | Q5: =J5-$T$3*EXP(-E5/$T$5) -> 8.7974482 | S5: t | T5: 4
A6: 5 | B6: от 6 до 9 месяцев | C6: 9m | D6: 0.75 | E6: 0.625 | F6: =IF(D6<MIN(MOEX!$A$2:$A$100),"—",IF(D6>MAX(MOEX!$A$2:$A$100),INDEX(MOEX!$A$2:$A$100,COUNT(MOEX!$A$2:$A$100)-1),INDEX(MOEX!$A$2:$A$100,MATCH(D6,MOEX!$A$2:$A$100,1)))) -> 0.75 | G6: =IF(F6="—","—",INDEX(MOEX!$B$2:$B$100,MATCH(F6,MOEX!$A$2:$A$100,0))) -> 13.42 | H6: =IF(D6<MIN(MOEX!$A$2:$A$100),"—",IF(D6>MAX(MOEX!$A$2:$A$100),MAX(MOEX!$A$2:$A$100),IF(COUNTIF(MOEX!$A$2:$A$100,D6)>0,D6,INDEX(MOEX!$A$2:$A$100,MATCH(D6,MOEX!$A$2:$A$100,1)+1)))) -> 0.75 | I6: =IF(H6="—","—",INDEX(MOEX!$B$2:$B$100,MATCH(H6,MOEX!$A$2:$A$100,0))) -> 13.42 | J6: =IF(K6="Ближайшее значение",INDEX(MOEX!$B$2:$B$100,1),IF(K6="Экстраполяция",I6+(I6-G6)/(H6-F6)*(D6-H6),IF(K6="Значение MOEX",INDEX(MOEX!$B$2:$B$100,MATCH(D6,MOEX!$A$2:$A$100,0)),G6+(D6-F6)*(I6-G6)/(H6-F6)))) -> 13.42 | K6: =IF(D6<MIN(MOEX!$A$2:$A$100),"Ближайшее значение",IF(D6>MAX(MOEX!$A$2:$A$100),"Экстраполяция",IF(COUNTIF(MOEX!$A$2:$A$100,D6)>0,"Значение MOEX","Интерполяция"))) -> Значение MOEX | L6: =J6+$T$2 -> 17.42 | M6: =J6-$T$2 -> 9.42 | N6: =J6-0.65*$T$3*EXP(-E6/$T$5)+0.9*$T$4*(1-EXP(-E6/$T$5)) -> 11.030695 | O6: =J6+0.8*$T$3*EXP(-E6/$T$5)-0.6*$T$4*(1-EXP(-E6/$T$5)) -> 16.581003 | P6: =J6+$T$3*EXP(-E6/$T$5) -> 17.696727 | Q6: =J6-$T$3*EXP(-E6/$T$5) -> 9.1432734
A7: 6 | B7: от 9 до 12 месяцев | C7: 1y | D7: 1 | E7: 0.875 | F7: =IF(D7<MIN(MOEX!$A$2:$A$100),"—",IF(D7>MAX(MOEX!$A$2:$A$100),INDEX(MOEX!$A$2:$A$100,COUNT(MOEX!$A$2:$A$100)-1),INDEX(MOEX!$A$2:$A$100,MATCH(D7,MOEX!$A$2:$A$100,1)))) -> 1 | G7: =IF(F7="—","—",INDEX(MOEX!$B$2:$B$100,MATCH(F7,MOEX!$A$2:$A$100,0))) -> 13.63 | H7: =IF(D7<MIN(MOEX!$A$2:$A$100),"—",IF(D7>MAX(MOEX!$A$2:$A$100),MAX(MOEX!$A$2:$A$100),IF(COUNTIF(MOEX!$A$2:$A$100,D7)>0,D7,INDEX(MOEX!$A$2:$A$100,MATCH(D7,MOEX!$A$2:$A$100,1)+1)))) -> 1 | I7: =IF(H7="—","—",INDEX(MOEX!$B$2:$B$100,MATCH(H7,MOEX!$A$2:$A$100,0))) -> 13.63 | J7: =IF(K7="Ближайшее значение",INDEX(MOEX!$B$2:$B$100,1),IF(K7="Экстраполяция",I7+(I7-G7)/(H7-F7)*(D7-H7),IF(K7="Значение MOEX",INDEX(MOEX!$B$2:$B$100,MATCH(D7,MOEX!$A$2:$A$100,0)),G7+(D7-F7)*(I7-G7)/(H7-F7)))) -> 13.63 | K7: =IF(D7<MIN(MOEX!$A$2:$A$100),"Ближайшее значение",IF(D7>MAX(MOEX!$A$2:$A$100),"Экстраполяция",IF(COUNTIF(MOEX!$A$2:$A$100,D7)>0,"Значение MOEX","Интерполяция"))) -> Значение MOEX | L7: =J7+$T$2 -> 17.63 | M7: =J7-$T$2 -> 9.63 | N7: =J7-0.65*$T$3*EXP(-E7/$T$5)+0.9*$T$4*(1-EXP(-E7/$T$5)) -> 11.549041 | O7: =J7+0.8*$T$3*EXP(-E7/$T$5)-0.6*$T$4*(1-EXP(-E7/$T$5)) -> 16.490431 | P7: =J7+$T$3*EXP(-E7/$T$5) -> 17.647613 | Q7: =J7-$T$3*EXP(-E7/$T$5) -> 9.6123871
A8: 7 | B8: от 1 до 1,5 года | C8: 1.5y | D8: 1.5 | E8: 1.25 | F8: =IF(D8<MIN(MOEX!$A$2:$A$100),"—",IF(D8>MAX(MOEX!$A$2:$A$100),INDEX(MOEX!$A$2:$A$100,COUNT(MOEX!$A$2:$A$100)-1),INDEX(MOEX!$A$2:$A$100,MATCH(D8,MOEX!$A$2:$A$100,1)))) -> 1 | G8: =IF(F8="—","—",INDEX(MOEX!$B$2:$B$100,MATCH(F8,MOEX!$A$2:$A$100,0))) -> 13.63 | H8: =IF(D8<MIN(MOEX!$A$2:$A$100),"—",IF(D8>MAX(MOEX!$A$2:$A$100),MAX(MOEX!$A$2:$A$100),IF(COUNTIF(MOEX!$A$2:$A$100,D8)>0,D8,INDEX(MOEX!$A$2:$A$100,MATCH(D8,MOEX!$A$2:$A$100,1)+1)))) -> 2 | I8: =IF(H8="—","—",INDEX(MOEX!$B$2:$B$100,MATCH(H8,MOEX!$A$2:$A$100,0))) -> 14.58 | J8: =IF(K8="Ближайшее значение",INDEX(MOEX!$B$2:$B$100,1),IF(K8="Экстраполяция",I8+(I8-G8)/(H8-F8)*(D8-H8),IF(K8="Значение MOEX",INDEX(MOEX!$B$2:$B$100,MATCH(D8,MOEX!$A$2:$A$100,0)),G8+(D8-F8)*(I8-G8)/(H8-F8)))) -> 14.105 | K8: =IF(D8<MIN(MOEX!$A$2:$A$100),"Ближайшее значение",IF(D8>MAX(MOEX!$A$2:$A$100),"Экстраполяция",IF(COUNTIF(MOEX!$A$2:$A$100,D8)>0,"Значение MOEX","Интерполяция"))) -> Интерполяция | L8: =J8+$T$2 -> 18.105 | M8: =J8-$T$2 -> 10.105 | N8: =J8-0.65*$T$3*EXP(-E8/$T$5)+0.9*$T$4*(1-EXP(-E8/$T$5)) -> 12.451887 | O8: =J8+0.8*$T$3*EXP(-E8/$T$5)-0.6*$T$4*(1-EXP(-E8/$T$5)) -> 16.548371 | P8: =J8+$T$3*EXP(-E8/$T$5) -> 17.763078 | Q8: =J8-$T$3*EXP(-E8/$T$5) -> 10.446922
A9: 8 | B9: от 1,5 до 2 лет | C9: 2y | D9: 2 | E9: 1.75 | F9: =IF(D9<MIN(MOEX!$A$2:$A$100),"—",IF(D9>MAX(MOEX!$A$2:$A$100),INDEX(MOEX!$A$2:$A$100,COUNT(MOEX!$A$2:$A$100)-1),INDEX(MOEX!$A$2:$A$100,MATCH(D9,MOEX!$A$2:$A$100,1)))) -> 2 | G9: =IF(F9="—","—",INDEX(MOEX!$B$2:$B$100,MATCH(F9,MOEX!$A$2:$A$100,0))) -> 14.58 | H9: =IF(D9<MIN(MOEX!$A$2:$A$100),"—",IF(D9>MAX(MOEX!$A$2:$A$100),MAX(MOEX!$A$2:$A$100),IF(COUNTIF(MOEX!$A$2:$A$100,D9)>0,D9,INDEX(MOEX!$A$2:$A$100,MATCH(D9,MOEX!$A$2:$A$100,1)+1)))) -> 2 | I9: =IF(H9="—","—",INDEX(MOEX!$B$2:$B$100,MATCH(H9,MOEX!$A$2:$A$100,0))) -> 14.58 | J9: =IF(K9="Ближайшее значение",INDEX(MOEX!$B$2:$B$100,1),IF(K9="Экстраполяция",I9+(I9-G9)/(H9-F9)*(D9-H9),IF(K9="Значение MOEX",INDEX(MOEX!$B$2:$B$100,MATCH(D9,MOEX!$A$2:$A$100,0)),G9+(D9-F9)*(I9-G9)/(H9-F9)))) -> 14.58 | K9: =IF(D9<MIN(MOEX!$A$2:$A$100),"Ближайшее значение",IF(D9>MAX(MOEX!$A$2:$A$100),"Экстраполяция",IF(COUNTIF(MOEX!$A$2:$A$100,D9)>0,"Значение MOEX","Интерполяция"))) -> Значение MOEX | L9: =J9+$T$2 -> 18.58 | M9: =J9-$T$2 -> 10.58 | N9: =J9-0.65*$T$3*EXP(-E9/$T$5)+0.9*$T$4*(1-EXP(-E9/$T$5)) -> 13.438391 | O9: =J9+0.8*$T$3*EXP(-E9/$T$5)-0.6*$T$4*(1-EXP(-E9/$T$5)) -> 16.524761 | P9: =J9+$T$3*EXP(-E9/$T$5) -> 17.808243 | Q9: =J9-$T$3*EXP(-E9/$T$5) -> 11.351757
A10: 9 | B10: от 2 до 3 лет | C10: 3y | D10: 3 | E10: 2.5 | F10: =IF(D10<MIN(MOEX!$A$2:$A$100),"—",IF(D10>MAX(MOEX!$A$2:$A$100),INDEX(MOEX!$A$2:$A$100,COUNT(MOEX!$A$2:$A$100)-1),INDEX(MOEX!$A$2:$A$100,MATCH(D10,MOEX!$A$2:$A$100,1)))) -> 3 | G10: =IF(F10="—","—",INDEX(MOEX!$B$2:$B$100,MATCH(F10,MOEX!$A$2:$A$100,0))) -> 15.06 | H10: =IF(D10<MIN(MOEX!$A$2:$A$100),"—",IF(D10>MAX(MOEX!$A$2:$A$100),MAX(MOEX!$A$2:$A$100),IF(COUNTIF(MOEX!$A$2:$A$100,D10)>0,D10,INDEX(MOEX!$A$2:$A$100,MATCH(D10,MOEX!$A$2:$A$100,1)+1)))) -> 3 | I10: =IF(H10="—","—",INDEX(MOEX!$B$2:$B$100,MATCH(H10,MOEX!$A$2:$A$100,0))) -> 15.06 | J10: =IF(K10="Ближайшее значение",INDEX(MOEX!$B$2:$B$100,1),IF(K10="Экстраполяция",I10+(I10-G10)/(H10-F10)*(D10-H10),IF(K10="Значение MOEX",INDEX(MOEX!$B$2:$B$100,MATCH(D10,MOEX!$A$2:$A$100,0)),G10+(D10-F10)*(I10-G10)/(H10-F10)))) -> 15.06 | K10: =IF(D10<MIN(MOEX!$A$2:$A$100),"Ближайшее значение",IF(D10>MAX(MOEX!$A$2:$A$100),"Экстраполяция",IF(COUNTIF(MOEX!$A$2:$A$100,D10)>0,"Значение MOEX","Интерполяция"))) -> Значение MOEX | L10: =J10+$T$2 -> 19.06 | M10: =J10-$T$2 -> 11.06 | N10: =J10-0.65*$T$3*EXP(-E10/$T$5)+0.9*$T$4*(1-EXP(-E10/$T$5)) -> 14.575195 | O10: =J10+0.8*$T$3*EXP(-E10/$T$5)-0.6*$T$4*(1-EXP(-E10/$T$5)) -> 16.364516 | P10: =J10+$T$3*EXP(-E10/$T$5) -> 17.736307 | Q10: =J10-$T$3*EXP(-E10/$T$5) -> 12.383693
A11: 10 | B11: от 3 до 4 лет | C11: 4y | D11: 4 | E11: 3.5 | F11: =IF(D11<MIN(MOEX!$A$2:$A$100),"—",IF(D11>MAX(MOEX!$A$2:$A$100),INDEX(MOEX!$A$2:$A$100,COUNT(MOEX!$A$2:$A$100)-1),INDEX(MOEX!$A$2:$A$100,MATCH(D11,MOEX!$A$2:$A$100,1)))) -> 3 | G11: =IF(F11="—","—",INDEX(MOEX!$B$2:$B$100,MATCH(F11,MOEX!$A$2:$A$100,0))) -> 15.06 | H11: =IF(D11<MIN(MOEX!$A$2:$A$100),"—",IF(D11>MAX(MOEX!$A$2:$A$100),MAX(MOEX!$A$2:$A$100),IF(COUNTIF(MOEX!$A$2:$A$100,D11)>0,D11,INDEX(MOEX!$A$2:$A$100,MATCH(D11,MOEX!$A$2:$A$100,1)+1)))) -> 5 | I11: =IF(H11="—","—",INDEX(MOEX!$B$2:$B$100,MATCH(H11,MOEX!$A$2:$A$100,0))) -> 15.42 | J11: =IF(K11="Ближайшее значение",INDEX(MOEX!$B$2:$B$100,1),IF(K11="Экстраполяция",I11+(I11-G11)/(H11-F11)*(D11-H11),IF(K11="Значение MOEX",INDEX(MOEX!$B$2:$B$100,MATCH(D11,MOEX!$A$2:$A$100,0)),G11+(D11-F11)*(I11-G11)/(H11-F11)))) -> 15.24 | K11: =IF(D11<MIN(MOEX!$A$2:$A$100),"Ближайшее значение",IF(D11>MAX(MOEX!$A$2:$A$100),"Экстраполяция",IF(COUNTIF(MOEX!$A$2:$A$100,D11)>0,"Значение MOEX","Интерполяция"))) -> Интерполяция | L11: =J11+$T$2 -> 19.24 | M11: =J11-$T$2 -> 11.24 | N11: =J11-0.65*$T$3*EXP(-E11/$T$5)+0.9*$T$4*(1-EXP(-E11/$T$5)) -> 15.459671 | O11: =J11+0.8*$T$3*EXP(-E11/$T$5)-0.6*$T$4*(1-EXP(-E11/$T$5)) -> 15.8578 | P11: =J11+$T$3*EXP(-E11/$T$5) -> 17.32431 | Q11: =J11-$T$3*EXP(-E11/$T$5) -> 13.15569
A12: 11 | B12: от 4 до 5 лет | C12: 5y | D12: 5 | E12: 4.5 | F12: =IF(D12<MIN(MOEX!$A$2:$A$100),"—",IF(D12>MAX(MOEX!$A$2:$A$100),INDEX(MOEX!$A$2:$A$100,COUNT(MOEX!$A$2:$A$100)-1),INDEX(MOEX!$A$2:$A$100,MATCH(D12,MOEX!$A$2:$A$100,1)))) -> 5 | G12: =IF(F12="—","—",INDEX(MOEX!$B$2:$B$100,MATCH(F12,MOEX!$A$2:$A$100,0))) -> 15.42 | H12: =IF(D12<MIN(MOEX!$A$2:$A$100),"—",IF(D12>MAX(MOEX!$A$2:$A$100),MAX(MOEX!$A$2:$A$100),IF(COUNTIF(MOEX!$A$2:$A$100,D12)>0,D12,INDEX(MOEX!$A$2:$A$100,MATCH(D12,MOEX!$A$2:$A$100,1)+1)))) -> 5 | I12: =IF(H12="—","—",INDEX(MOEX!$B$2:$B$100,MATCH(H12,MOEX!$A$2:$A$100,0))) -> 15.42 | J12: =IF(K12="Ближайшее значение",INDEX(MOEX!$B$2:$B$100,1),IF(K12="Экстраполяция",I12+(I12-G12)/(H12-F12)*(D12-H12),IF(K12="Значение MOEX",INDEX(MOEX!$B$2:$B$100,MATCH(D12,MOEX!$A$2:$A$100,0)),G12+(D12-F12)*(I12-G12)/(H12-F12)))) -> 15.42 | K12: =IF(D12<MIN(MOEX!$A$2:$A$100),"Ближайшее значение",IF(D12>MAX(MOEX!$A$2:$A$100),"Экстраполяция",IF(COUNTIF(MOEX!$A$2:$A$100,D12)>0,"Значение MOEX","Интерполяция"))) -> Значение MOEX | L12: =J12+$T$2 -> 19.42 | M12: =J12-$T$2 -> 11.42 | N12: =J12-0.65*$T$3*EXP(-E12/$T$5)+0.9*$T$4*(1-EXP(-E12/$T$5)) -> 16.188318 | O12: =J12+0.8*$T$3*EXP(-E12/$T$5)-0.6*$T$4*(1-EXP(-E12/$T$5)) -> 15.502984 | P12: =J12+$T$3*EXP(-E12/$T$5) -> 17.043262 | Q12: =J12-$T$3*EXP(-E12/$T$5) -> 13.796738
A13: 12 | B13: от 5 до 6 лет | C13: 6y | D13: 6 | E13: 5.5 | F13: =IF(D13<MIN(MOEX!$A$2:$A$100),"—",IF(D13>MAX(MOEX!$A$2:$A$100),INDEX(MOEX!$A$2:$A$100,COUNT(MOEX!$A$2:$A$100)-1),INDEX(MOEX!$A$2:$A$100,MATCH(D13,MOEX!$A$2:$A$100,1)))) -> 5 | G13: =IF(F13="—","—",INDEX(MOEX!$B$2:$B$100,MATCH(F13,MOEX!$A$2:$A$100,0))) -> 15.42 | H13: =IF(D13<MIN(MOEX!$A$2:$A$100),"—",IF(D13>MAX(MOEX!$A$2:$A$100),MAX(MOEX!$A$2:$A$100),IF(COUNTIF(MOEX!$A$2:$A$100,D13)>0,D13,INDEX(MOEX!$A$2:$A$100,MATCH(D13,MOEX!$A$2:$A$100,1)+1)))) -> 7 | I13: =IF(H13="—","—",INDEX(MOEX!$B$2:$B$100,MATCH(H13,MOEX!$A$2:$A$100,0))) -> 15.57 | J13: =IF(K13="Ближайшее значение",INDEX(MOEX!$B$2:$B$100,1),IF(K13="Экстраполяция",I13+(I13-G13)/(H13-F13)*(D13-H13),IF(K13="Значение MOEX",INDEX(MOEX!$B$2:$B$100,MATCH(D13,MOEX!$A$2:$A$100,0)),G13+(D13-F13)*(I13-G13)/(H13-F13)))) -> 15.495 | K13: =IF(D13<MIN(MOEX!$A$2:$A$100),"Ближайшее значение",IF(D13>MAX(MOEX!$A$2:$A$100),"Экстраполяция",IF(COUNTIF(MOEX!$A$2:$A$100,D13)>0,"Значение MOEX","Интерполяция"))) -> Интерполяция | L13: =J13+$T$2 -> 19.495 | M13: =J13-$T$2 -> 11.495 | N13: =J13-0.65*$T$3*EXP(-E13/$T$5)+0.9*$T$4*(1-EXP(-E13/$T$5)) -> 16.690604 | O13: =J13+0.8*$T$3*EXP(-E13/$T$5)-0.6*$T$4*(1-EXP(-E13/$T$5)) -> 15.16147 | P13: =J13+$T$3*EXP(-E13/$T$5) -> 16.759198 | Q13: =J13-$T$3*EXP(-E13/$T$5) -> 14.230802
A14: 13 | B14: от 6 до 7 лет | C14: 7y | D14: 7 | E14: 6.5 | F14: =IF(D14<MIN(MOEX!$A$2:$A$100),"—",IF(D14>MAX(MOEX!$A$2:$A$100),INDEX(MOEX!$A$2:$A$100,COUNT(MOEX!$A$2:$A$100)-1),INDEX(MOEX!$A$2:$A$100,MATCH(D14,MOEX!$A$2:$A$100,1)))) -> 7 | G14: =IF(F14="—","—",INDEX(MOEX!$B$2:$B$100,MATCH(F14,MOEX!$A$2:$A$100,0))) -> 15.57 | H14: =IF(D14<MIN(MOEX!$A$2:$A$100),"—",IF(D14>MAX(MOEX!$A$2:$A$100),MAX(MOEX!$A$2:$A$100),IF(COUNTIF(MOEX!$A$2:$A$100,D14)>0,D14,INDEX(MOEX!$A$2:$A$100,MATCH(D14,MOEX!$A$2:$A$100,1)+1)))) -> 7 | I14: =IF(H14="—","—",INDEX(MOEX!$B$2:$B$100,MATCH(H14,MOEX!$A$2:$A$100,0))) -> 15.57 | J14: =IF(K14="Ближайшее значение",INDEX(MOEX!$B$2:$B$100,1),IF(K14="Экстраполяция",I14+(I14-G14)/(H14-F14)*(D14-H14),IF(K14="Значение MOEX",INDEX(MOEX!$B$2:$B$100,MATCH(D14,MOEX!$A$2:$A$100,0)),G14+(D14-F14)*(I14-G14)/(H14-F14)))) -> 15.57 | K14: =IF(D14<MIN(MOEX!$A$2:$A$100),"Ближайшее значение",IF(D14>MAX(MOEX!$A$2:$A$100),"Экстраполяция",IF(COUNTIF(MOEX!$A$2:$A$100,D14)>0,"Значение MOEX","Интерполяция"))) -> Значение MOEX | L14: =J14+$T$2 -> 19.57 | M14: =J14-$T$2 -> 11.57 | N14: =J14-0.65*$T$3*EXP(-E14/$T$5)+0.9*$T$4*(1-EXP(-E14/$T$5)) -> 17.098376 | O14: =J14+0.8*$T$3*EXP(-E14/$T$5)-0.6*$T$4*(1-EXP(-E14/$T$5)) -> 14.912088 | P14: =J14+$T$3*EXP(-E14/$T$5) -> 16.554558 | Q14: =J14-$T$3*EXP(-E14/$T$5) -> 14.585442
A15: 14 | B15: от 7 до 8 лет | C15: 8y | D15: 8 | E15: 7.5 | F15: =IF(D15<MIN(MOEX!$A$2:$A$100),"—",IF(D15>MAX(MOEX!$A$2:$A$100),INDEX(MOEX!$A$2:$A$100,COUNT(MOEX!$A$2:$A$100)-1),INDEX(MOEX!$A$2:$A$100,MATCH(D15,MOEX!$A$2:$A$100,1)))) -> 7 | G15: =IF(F15="—","—",INDEX(MOEX!$B$2:$B$100,MATCH(F15,MOEX!$A$2:$A$100,0))) -> 15.57 | H15: =IF(D15<MIN(MOEX!$A$2:$A$100),"—",IF(D15>MAX(MOEX!$A$2:$A$100),MAX(MOEX!$A$2:$A$100),IF(COUNTIF(MOEX!$A$2:$A$100,D15)>0,D15,INDEX(MOEX!$A$2:$A$100,MATCH(D15,MOEX!$A$2:$A$100,1)+1)))) -> 10 | I15: =IF(H15="—","—",INDEX(MOEX!$B$2:$B$100,MATCH(H15,MOEX!$A$2:$A$100,0))) -> 15.69 | J15: =IF(K15="Ближайшее значение",INDEX(MOEX!$B$2:$B$100,1),IF(K15="Экстраполяция",I15+(I15-G15)/(H15-F15)*(D15-H15),IF(K15="Значение MOEX",INDEX(MOEX!$B$2:$B$100,MATCH(D15,MOEX!$A$2:$A$100,0)),G15+(D15-F15)*(I15-G15)/(H15-F15)))) -> 15.61 | K15: =IF(D15<MIN(MOEX!$A$2:$A$100),"Ближайшее значение",IF(D15>MAX(MOEX!$A$2:$A$100),"Экстраполяция",IF(COUNTIF(MOEX!$A$2:$A$100,D15)>0,"Значение MOEX","Интерполяция"))) -> Интерполяция | L15: =J15+$T$2 -> 19.61 | M15: =J15-$T$2 -> 11.61 | N15: =J15-0.65*$T$3*EXP(-E15/$T$5)+0.9*$T$4*(1-EXP(-E15/$T$5)) -> 17.397538 | O15: =J15+0.8*$T$3*EXP(-E15/$T$5)-0.6*$T$4*(1-EXP(-E15/$T$5)) -> 14.699459 | P15: =J15+$T$3*EXP(-E15/$T$5) -> 16.376775 | Q15: =J15-$T$3*EXP(-E15/$T$5) -> 14.843225
A16: 15 | B16: от 8 до 9 лет | C16: 9y | D16: 9 | E16: 8.5 | F16: =IF(D16<MIN(MOEX!$A$2:$A$100),"—",IF(D16>MAX(MOEX!$A$2:$A$100),INDEX(MOEX!$A$2:$A$100,COUNT(MOEX!$A$2:$A$100)-1),INDEX(MOEX!$A$2:$A$100,MATCH(D16,MOEX!$A$2:$A$100,1)))) -> 7 | G16: =IF(F16="—","—",INDEX(MOEX!$B$2:$B$100,MATCH(F16,MOEX!$A$2:$A$100,0))) -> 15.57 | H16: =IF(D16<MIN(MOEX!$A$2:$A$100),"—",IF(D16>MAX(MOEX!$A$2:$A$100),MAX(MOEX!$A$2:$A$100),IF(COUNTIF(MOEX!$A$2:$A$100,D16)>0,D16,INDEX(MOEX!$A$2:$A$100,MATCH(D16,MOEX!$A$2:$A$100,1)+1)))) -> 10 | I16: =IF(H16="—","—",INDEX(MOEX!$B$2:$B$100,MATCH(H16,MOEX!$A$2:$A$100,0))) -> 15.69 | J16: =IF(K16="Ближайшее значение",INDEX(MOEX!$B$2:$B$100,1),IF(K16="Экстраполяция",I16+(I16-G16)/(H16-F16)*(D16-H16),IF(K16="Значение MOEX",INDEX(MOEX!$B$2:$B$100,MATCH(D16,MOEX!$A$2:$A$100,0)),G16+(D16-F16)*(I16-G16)/(H16-F16)))) -> 15.65 | K16: =IF(D16<MIN(MOEX!$A$2:$A$100),"Ближайшее значение",IF(D16>MAX(MOEX!$A$2:$A$100),"Экстраполяция",IF(COUNTIF(MOEX!$A$2:$A$100,D16)>0,"Значение MOEX","Интерполяция"))) -> Интерполяция | L16: =J16+$T$2 -> 19.65 | M16: =J16-$T$2 -> 11.65 | N16: =J16-0.65*$T$3*EXP(-E16/$T$5)+0.9*$T$4*(1-EXP(-E16/$T$5)) -> 17.639374 | O16: =J16+0.8*$T$3*EXP(-E16/$T$5)-0.6*$T$4*(1-EXP(-E16/$T$5)) -> 14.542711 | P16: =J16+$T$3*EXP(-E16/$T$5) -> 16.247165 | Q16: =J16-$T$3*EXP(-E16/$T$5) -> 15.052835
A17: 16 | B17: от 9 до 10 лет | C17: 10y | D17: 10 | E17: 9.5 | F17: =IF(D17<MIN(MOEX!$A$2:$A$100),"—",IF(D17>MAX(MOEX!$A$2:$A$100),INDEX(MOEX!$A$2:$A$100,COUNT(MOEX!$A$2:$A$100)-1),INDEX(MOEX!$A$2:$A$100,MATCH(D17,MOEX!$A$2:$A$100,1)))) -> 10 | G17: =IF(F17="—","—",INDEX(MOEX!$B$2:$B$100,MATCH(F17,MOEX!$A$2:$A$100,0))) -> 15.69 | H17: =IF(D17<MIN(MOEX!$A$2:$A$100),"—",IF(D17>MAX(MOEX!$A$2:$A$100),MAX(MOEX!$A$2:$A$100),IF(COUNTIF(MOEX!$A$2:$A$100,D17)>0,D17,INDEX(MOEX!$A$2:$A$100,MATCH(D17,MOEX!$A$2:$A$100,1)+1)))) -> 10 | I17: =IF(H17="—","—",INDEX(MOEX!$B$2:$B$100,MATCH(H17,MOEX!$A$2:$A$100,0))) -> 15.69 | J17: =IF(K17="Ближайшее значение",INDEX(MOEX!$B$2:$B$100,1),IF(K17="Экстраполяция",I17+(I17-G17)/(H17-F17)*(D17-H17),IF(K17="Значение MOEX",INDEX(MOEX!$B$2:$B$100,MATCH(D17,MOEX!$A$2:$A$100,0)),G17+(D17-F17)*(I17-G17)/(H17-F17)))) -> 15.69 | K17: =IF(D17<MIN(MOEX!$A$2:$A$100),"Ближайшее значение",IF(D17>MAX(MOEX!$A$2:$A$100),"Экстраполяция",IF(COUNTIF(MOEX!$A$2:$A$100,D17)>0,"Значение MOEX","Интерполяция"))) -> Значение MOEX | L17: =J17+$T$2 -> 19.69 | M17: =J17-$T$2 -> 11.69 | N17: =J17-0.65*$T$3*EXP(-E17/$T$5)+0.9*$T$4*(1-EXP(-E17/$T$5)) -> 17.836564 | O17: =J17+0.8*$T$3*EXP(-E17/$T$5)-0.6*$T$4*(1-EXP(-E17/$T$5)) -> 14.429484 | P17: =J17+$T$3*EXP(-E17/$T$5) -> 16.155072 | Q17: =J17-$T$3*EXP(-E17/$T$5) -> 15.224928
... A20: 19 | B20: свыше 20 лет | C20: 30y | D20: 30 | E20: 25 | F20: =IF(D20<MIN(MOEX!$A$2:$A$100),"—",IF(D20>MAX(MOEX!$A$2:$A$100),INDEX(MOEX!$A$2:$A$100,COUNT(MOEX!$A$2:$A$100)-1),INDEX(MOEX!$A$2:$A$100,MATCH(D20,MOEX!$A$2:$A$100,1)))) -> 15 | G20: =IF(F20="—","—",INDEX(MOEX!$B$2:$B$100,MATCH(F20,MOEX!$A$2:$A$100,0))) -> 15.84 | H20: =IF(D20<MIN(MOEX!$A$2:$A$100),"—",IF(D20>MAX(MOEX!$A$2:$A$100),MAX(MOEX!$A$2:$A$100),IF(COUNTIF(MOEX!$A$2:$A$100,D20)>0,D20,INDEX(MOEX!$A$2:$A$100,MATCH(D20,MOEX!$A$2:$A$100,1)+1)))) -> 20 | I20: =IF(H20="—","—",INDEX(MOEX!$B$2:$B$100,MATCH(H20,MOEX!$A$2:$A$100,0))) -> 15.95 | J20: =IF(K20="Ближайшее значение",INDEX(MOEX!$B$2:$B$100,1),IF(K20="Экстраполяция",I20+(I20-G20)/(H20-F20)*(D20-H20),IF(K20="Значение MOEX",INDEX(MOEX!$B$2:$B$100,MATCH(D20,MOEX!$A$2:$A$100,0)),G20+(D20-F20)*(I20-G20)/(H20-F20)))) -> 16.17 | K20: =IF(D20<MIN(MOEX!$A$2:$A$100),"Ближайшее значение",IF(D20>MAX(MOEX!$A$2:$A$100),"Экстраполяция",IF(COUNTIF(MOEX!$A$2:$A$100,D20)>0,"Значение MOEX","Интерполяция"))) -> Экстраполяция | L20: =J20+$T$2 -> 20.17 | M20: =J20-$T$2 -> 12.17 | N20: =J20-0.65*$T$3*EXP(-E20/$T$5)+0.9*$T$4*(1-EXP(-E20/$T$5)) -> 18.858514 | O20: =J20+0.8*$T$3*EXP(-E20/$T$5)-0.6*$T$4*(1-EXP(-E20/$T$5)) -> 14.381197 | P20: =J20+$T$3*EXP(-E20/$T$5) -> 16.179652 | Q20: =J20-$T$3*EXP(-E20/$T$5) -> 16.160348
D23: - ближайшее известное значение
D24: - интерполяция
D25: - экстраполяция
